n,legacy_path,open_this_file,v3_file,gender,ethnicity,source_url,notes
1,female/asian/13.jpg,data/legacy_snapshot/original_images/female/asian/13.jpg,a8fdf4b89af0e79fe9b483bb8f7e91016970ddfaf4744107d60552400f50a9d5.jpg,female,asian,,
2,female/asian/20.jpg,data/legacy_snapshot/original_images/female/asian/20.jpg,3358834a8afa4fcbd497bc47122c34cf016c3f8ebc58379c62f87834b83dc345.jpg,female,asian,,
3,female/asian/21.jpg,data/legacy_snapshot/original_images/female/asian/21.jpg,0aa4a8c921e5361cf0cacd3a921c058df9f4fccbbe26d56934e02987a02051a5.jpg,female,asian,,
4,female/asian/23.jpg,data/legacy_snapshot/original_images/female/asian/23.jpg,337b1d116367bc856bacd4fa414e72d1565e97e2bfe4a4e55344c37355964c12.jpg,female,asian,,
5,female/asian/42.jpg,data/legacy_snapshot/original_images/female/asian/42.jpg,d55e7a6e7af1d1d13b4c01256c4ec1fe41f2bd8e8417cb4c6c05125a39817d18.jpg,female,asian,,
6,female/asian/57.jpg,data/legacy_snapshot/original_images/female/asian/57.jpg,d2e36c202895486d86ce3bae208b2e26066649494d2c09ee2c5a53d159873b47.jpg,female,asian,,
7,female/asian/6.jpg,data/legacy_snapshot/original_images/female/asian/6.jpg,1710ac716159b80cdb6f0e169508507db548308b4efdcc82e6f0c111575ea76b.jpg,female,asian,,
8,female/asian/7.jpg,data/legacy_snapshot/original_images/female/asian/7.jpg,500c6325a50ff864db0f51b1e1d1c3266be283b2da9a0d846d73b975d20a6e24.jpg,female,asian,,
9,female/asian/d4_1.jpg,data/legacy_snapshot/original_images/female/asian/d4_1.jpg,1982efa9b7ae3138ca08a9090e67cb64fa9b6b5b20f655ca12ada1cd8c180d8e.jpg,female,asian,,
10,female/asian/d9.jpg,data/legacy_snapshot/original_images/female/asian/d9.jpg,17ce2563bc7c6b2f11eb0a745fca68f771d5a4c6f8f3b295d207a1df905fe3ad.jpg,female,asian,,
11,female/black/1.jpg,data/legacy_snapshot/original_images/female/black/1.jpg,4a0fe7898cf45051b9109707ec9588ce68790f46ccfd0c54e0a5b1fb44929297.jpg,female,black,,
12,female/black/15.jpg,data/legacy_snapshot/original_images/female/black/15.jpg,204a62a50873c360b6ea87f38156070cce29e4cb94e9edfc4ed2604354b6be2e.jpg,female,black,,
13,female/black/61.jpg,data/legacy_snapshot/original_images/female/black/61.jpg,86cd9b31740bf784c08f3093c6ddab8fa8aa4cd2845d59e6d9315359851fbb80.jpg,female,black,,
14,female/caucasian/10_1.jpg,data/legacy_snapshot/original_images/female/caucasian/10_1.jpg,062207a6d46d5939f039fc0754c2c88ade8304774382663aaba89f23dee6441d.jpg,female,caucasian,,
15,female/caucasian/11.jpg,data/legacy_snapshot/original_images/female/caucasian/11.jpg,754fb52a599f4466a7f777972455c6a63ddb0bc5304af12531599ef931ecaf21.jpg,female,caucasian,,
16,female/caucasian/12.jpg,data/legacy_snapshot/original_images/female/caucasian/12.jpg,242b1b0f13d17f5882ab80047a4b18c046e628aa3ab97ddd14ac5e180a3eb7c9.jpg,female,caucasian,,
17,female/caucasian/14.jpg,data/legacy_snapshot/original_images/female/caucasian/14.jpg,6c75c1c620b2452eea6f2c6fb514ebd34132d43c757e285693924279823f2828.jpg,female,caucasian,,
18,female/caucasian/18.jpg,data/legacy_snapshot/original_images/female/caucasian/18.jpg,aa3b1b06fa504cad31473407a8a3bd8ae210de518291428a095496f6109f58a0.jpg,female,caucasian,,
19,female/caucasian/19.jpg,data/legacy_snapshot/original_images/female/caucasian/19.jpg,fffc5e1c7c2f2fa97ddc04bbd4a1d733b07086faedd7f4d2695b165726e9b2f0.jpg,female,caucasian,,
20,female/caucasian/28.jpg,data/legacy_snapshot/original_images/female/caucasian/28.jpg,b0c1c24504f2fc99161b26590788fb1911f177e6a3be4827ec4f487c23989d92.jpg,female,caucasian,,
21,female/caucasian/40.jpg,data/legacy_snapshot/original_images/female/caucasian/40.jpg,cdccbbc6652e190ab58b884e000467743df33f52a5469a0a039feaf4be413572.jpg,female,caucasian,,
22,female/caucasian/5.jpg,data/legacy_snapshot/original_images/female/caucasian/5.jpg,06f3692caf400ddea1d83e18418d17606cddb3d43332c20f13def0ca65452006.jpg,female,caucasian,,
23,female/caucasian/55.jpg,data/legacy_snapshot/original_images/female/caucasian/55.jpg,c22f5476ca911adba7cc81af1afeca1cc653c31736fcab44d60a01a1a8fee5e6.jpg,female,caucasian,,
24,female/caucasian/62.jpg,data/legacy_snapshot/original_images/female/caucasian/62.jpg,ff0d84b712a6d94203c21fd44aa3a596585ea58b19b5e6f652049706f31481ba.jpg,female,caucasian,,
25,female/caucasian/8.jpg,data/legacy_snapshot/original_images/female/caucasian/8.jpg,931ca16897cc61e2cdee829955715295266f5c76437fd8738bdb21a27662be2a.jpg,female,caucasian,,
26,female/caucasian/creating-a-brand-WxAOdbDpMiU-uns.jpg,data/legacy_snapshot/original_images/female/caucasian/creating-a-brand-WxAOdbDpMiU-uns.jpg,4808e7eedca613e05e2058f1de4e53f8b8fb4aaa7f1275429f7f2bbd6c4f5799.jpg,female,caucasian,,
27,female/caucasian/d015.jpg,data/legacy_snapshot/original_images/female/caucasian/d015.jpg,d00ecde962332f354b9bf7c3eb7284be1b6912d4287bdf728b0c5616f4d2c0eb.jpg,female,caucasian,,
28,female/caucasian/d02.jpg,data/legacy_snapshot/original_images/female/caucasian/d02.jpg,2f4057b2c6d6f31a1c0db1efc5cb55aca00ff0f39b9d6b175180534cd7860da8.jpg,female,caucasian,,
29,female/caucasian/d15.jpg,data/legacy_snapshot/original_images/female/caucasian/d15.jpg,350331706d716271c54403419f0e8e45db0d94e2c3dd0d94c4cc062c2b7bf348.jpg,female,caucasian,,
30,female/caucasian/f1.jpg,data/legacy_snapshot/original_images/female/caucasian/f1.jpg,24a5828a1dfbf0e210bac866eb05ceac1206dc7bdefef0fa2151d97603ebd4b7.jpg,female,caucasian,,
31,female/caucasian/f12.jpg,data/legacy_snapshot/original_images/female/caucasian/f12.jpg,151d8106cfc9d6ac7cd46780c8b044a3dcfd0d6805a2f3e311746d363eeb050e.jpg,female,caucasian,,
32,female/caucasian/f3.png,data/legacy_snapshot/original_images/female/caucasian/f3.png,d6dcdd05f57e9843352db810eb42606f9f46598117e8dc0f46c02be8ca918322.png,female,caucasian,,
33,female/caucasian/f6.jpg,data/legacy_snapshot/original_images/female/caucasian/f6.jpg,4d28ff54e98e404ab49b4a62f295469272ab04dc1f9e0af47bfb7063a06a7ff1.jpg,female,caucasian,,
34,female/caucasian/f8.jpg,data/legacy_snapshot/original_images/female/caucasian/f8.jpg,0bc3010810d03f48304ab040a677a9dc450edd2a4123aac26f8df5cfb6a05c65.jpg,female,caucasian,,
35,female/caucasian/girl-13480.jpg,data/legacy_snapshot/original_images/female/caucasian/girl-13480.jpg,4bbde452ee632dd92586469d3d01efb7fed0f9255ccbb4dd151f91b24a97a796.jpg,female,caucasian,,
36,female/hispanic/2.jpg,data/legacy_snapshot/original_images/female/hispanic/2.jpg,f76b1f49b2aa4d71824c72853bc5c8cbcd71f4ed75a14e2f657ecf2a622af7ee.jpg,female,hispanic,,
37,female/hispanic/22.jpg,data/legacy_snapshot/original_images/female/hispanic/22.jpg,0ae351850ee62fc7e6775419f63fd98fd29464b3c2f7582a1c297375be8e1970.jpg,female,hispanic,,
38,female/hispanic/25.jpg,data/legacy_snapshot/original_images/female/hispanic/25.jpg,a65edf6b50dfd1f8855ee84a32662d3fe3810a2fdbe982d496c6bc9950cdc235.jpg,female,hispanic,,
39,female/hispanic/4.jpg,data/legacy_snapshot/original_images/female/hispanic/4.jpg,fe3c871f8e471b73d1317f8c7a2d89b79e6c629e3cdafe00be95ea82ce6a8ffd.jpg,female,hispanic,,
40,female/hispanic/58.jpg,data/legacy_snapshot/original_images/female/hispanic/58.jpg,9ce80b8c239ea48b0bec9416cc46eb05e9250d8490ae50e0b6c725e5637af966.jpg,female,hispanic,,
41,female/hispanic/9.jpg,data/legacy_snapshot/original_images/female/hispanic/9.jpg,c6757a0bf1d5caa53dacaecb098a7a280d61e9d140c0e40439fcd059f99ebcd7.jpg,female,hispanic,,
42,female/indian/33.jpg,data/legacy_snapshot/original_images/female/indian/33.jpg,b81c593c4f1a30dab4bcbedd418706360aec85310ba37ce6e9fd8f5d2d144215.jpg,female,indian,,
43,female/indian/54.jpg,data/legacy_snapshot/original_images/female/indian/54.jpg,8f2facada880c2043193c6f0ba1a746540f7646a05ee0645bc58616b15a1dda4.jpg,female,indian,,
44,female/indian/59.jpg,data/legacy_snapshot/original_images/female/indian/59.jpg,dafeb8b40bd585f957a3bd3d8c0b02814292b7423708ad734ac6b1dbb2ab28d7.jpg,female,indian,,
45,female/indian/60.jpg,data/legacy_snapshot/original_images/female/indian/60.jpg,32c88f4665c36dc2833dd18fabdf065fcd33a027d3a47629e8b88a9c1d366a53.jpg,female,indian,,
46,female/indian/d14.jpg,data/legacy_snapshot/original_images/female/indian/d14.jpg,60c08ee07a443e34e8eefd6a4ffc9a71df0c6f5d960893014e6f0eaa9feb506d.jpg,female,indian,,
47,female/indian/shifaaz-shamoon-MqLy-G-dBi8-unsp.jpg,data/legacy_snapshot/original_images/female/indian/shifaaz-shamoon-MqLy-G-dBi8-unsp.jpg,3a988a2869343a51f77aa3cb8466cd8e04324b7645bf31e0c9c6750feb106cc9.jpg,female,indian,,
48,female/mideastern/17.jpg,data/legacy_snapshot/original_images/female/mideastern/17.jpg,91cf19a35691930b567b89d1de95a1eb28ed77d1ab19ce609cda3de7fce2b89f.jpg,female,mideastern,,
49,female/mideastern/24.jpg,data/legacy_snapshot/original_images/female/mideastern/24.jpg,3df380712298999982672047e7d19a0a4c4d891631e905680656fd0b23325f07.jpg,female,mideastern,,
50,female/mideastern/3.jpg,data/legacy_snapshot/original_images/female/mideastern/3.jpg,4e7b356a5e36594b43e726ad181ffd2c767e53243f389d716b3b8230dbdbb4a4.jpg,female,mideastern,,
51,female/mideastern/41.jpg,data/legacy_snapshot/original_images/female/mideastern/41.jpg,63d7052b0712bb07cc650355888a3ed7935ba96309e99fca342ff3b4f235e37e.jpg,female,mideastern,,
52,female/mideastern/50.jpg,data/legacy_snapshot/original_images/female/mideastern/50.jpg,8d45186a636fa3e2541075f362fb91f2af7b7a4341a7d9c4d89034a6b166a4e0.jpg,female,mideastern,,
53,female/mideastern/53.jpg,data/legacy_snapshot/original_images/female/mideastern/53.jpg,1d8871bef4a3e2003ac2d250c6aca53f38ee1647a7c4728323815c431f8a201c.jpg,female,mideastern,,
54,female/mideastern/d10.jpg,data/legacy_snapshot/original_images/female/mideastern/d10.jpg,16285c91ff7db70d5a5cc16593efa3d6bbc222889db42d57118ad09b544b3861.jpg,female,mideastern,,
55,female/mideastern/d2.jpg,data/legacy_snapshot/original_images/female/mideastern/d2.jpg,db0926f8d5eaa9e7122fe22eeaefbaab44d6f7931732c6b72408cf133b752824.jpg,female,mideastern,,
56,female/mideastern/jonathan-borba-5rQG1mib90I-unspl.jpg,data/legacy_snapshot/original_images/female/mideastern/jonathan-borba-5rQG1mib90I-unspl.jpg,ae39f547f9bb4a65cc213d97b7fe9ec753c063372ba64590f1853fd12c4bd077.jpg,female,mideastern,,
57,male/asian/125.jpg,data/legacy_snapshot/original_images/male/asian/125.jpg,31556bca5aa923d35cd56960bebea9a42bc5af5abda7218c5cfcead1b019e8d2.jpg,male,asian,,
58,male/asian/134.jpg,data/legacy_snapshot/original_images/male/asian/134.jpg,7daa1b861fb484cf05aab82c103af1a291e60e9f6386e0208d63e607626be42d.jpg,male,asian,,
59,male/asian/137.jpg,data/legacy_snapshot/original_images/male/asian/137.jpg,2cbcd4471c1dab755ed8d42f0e60a37d512ae761525c4c0cca2ab9d6f754a9f5.jpg,male,asian,,
60,male/asian/141.jpg,data/legacy_snapshot/original_images/male/asian/141.jpg,cb85ae6422ca5d2d8bab5f6a6619f04bd02e5606ba3820513c578f43ad565f1e.jpg,male,asian,,
61,male/asian/g_2.jpg,data/legacy_snapshot/original_images/male/asian/g_2.jpg,611c6942065b7e9ff98936d75b1386cd9ceb17af7b09a858fc37db72b54b8e81.jpg,male,asian,,
62,male/asian/guy1.jpg,data/legacy_snapshot/original_images/male/asian/guy1.jpg,2a174774b6d7f94dfec0a9dbf604a7be84fa7102dc8dd339cbb2e2d9194073e2.jpg,male,asian,,
63,male/black/114.jpg,data/legacy_snapshot/original_images/male/black/114.jpg,8fb743987c6d0dffb7691805f0ce4ce58f20b0ff1bc81b7b976fa95d813312eb.jpg,male,black,,
64,male/black/124.jpg,data/legacy_snapshot/original_images/male/black/124.jpg,2c2c66cf964b6796137917b24d80797c830e9f0eb3effbabe21fafa130145477.jpg,male,black,,
65,male/black/payton-tuttle-n_RdRxH_7h4-unspla.jpg,data/legacy_snapshot/original_images/male/black/payton-tuttle-n_RdRxH_7h4-unspla.jpg,3641dd857208d4357811f69ffeed7a85a16de8b8d1435b8aa211d5379a8ee361.jpg,male,black,,
66,male/caucasian/0.png,data/legacy_snapshot/original_images/male/caucasian/0.png,53ca886f7d63a2179933916d1676817c26ac49917f349b1f47adab29984271c6.png,male,caucasian,,
67,male/caucasian/111.jpg,data/legacy_snapshot/original_images/male/caucasian/111.jpg,40044ea4978df4aebd000e00fa5d8c22d3c301a5fda95412b27be2aad0eef924.jpg,male,caucasian,,
68,male/caucasian/113.jpg,data/legacy_snapshot/original_images/male/caucasian/113.jpg,1a2c036ad5cba4f050273ceeaa9aa065e420e80975d9061482f157a371258b8c.jpg,male,caucasian,,
69,male/caucasian/117.jpg,data/legacy_snapshot/original_images/male/caucasian/117.jpg,d9342c3b68aaed18b8c794cb2cf84ae6722921407b063a56e36d89f37120beec.jpg,male,caucasian,,
70,male/caucasian/119.jpg,data/legacy_snapshot/original_images/male/caucasian/119.jpg,6b593fdfd4fc90cc2bc3655113cc13f033a5fa18782002192b136dec5c04a8a4.jpg,male,caucasian,,
71,male/caucasian/120.jpg,data/legacy_snapshot/original_images/male/caucasian/120.jpg,88536e0c3138a0da685cf234633b9941f51bff75ae4466cdb11b259a6f42994b.jpg,male,caucasian,,
72,male/caucasian/122.jpg,data/legacy_snapshot/original_images/male/caucasian/122.jpg,e082925336c567839a0473ea5912bdb6dbf8ba9d36780827dd68d5e9f9482866.jpg,male,caucasian,,
73,male/caucasian/126.jpg,data/legacy_snapshot/original_images/male/caucasian/126.jpg,6aba9b932a027794d1b756d1d73cee2cd61f152dc21c6fa4ceb3756ebe1666bb.jpg,male,caucasian,,
74,male/caucasian/127.jpg,data/legacy_snapshot/original_images/male/caucasian/127.jpg,400444751e015e878ef6b512675fdb1c5688fd6538cacd295afa4e2e1ef87560.jpg,male,caucasian,,
75,male/caucasian/130.jpg,data/legacy_snapshot/original_images/male/caucasian/130.jpg,6ed018a5d1cfa9d423de29b6fa2729ddf842571187a2bbeb18cca8274316460a.jpg,male,caucasian,,
76,male/caucasian/133.jpg,data/legacy_snapshot/original_images/male/caucasian/133.jpg,c920dc0af48aa4f263c7ebe7d714b8d9364d7b3771c81ff522db094976efea20.jpg,male,caucasian,,
77,male/caucasian/136.jpg,data/legacy_snapshot/original_images/male/caucasian/136.jpg,fe4f9ded6983bd2e7ca4c5f086b8197f44b146178157a23bb225093e3d0edc24.jpg,male,caucasian,,
78,male/caucasian/140.jpg,data/legacy_snapshot/original_images/male/caucasian/140.jpg,3df487cf322aef8932b70a42cc6abbe1063daadaff9a6bea131555a06425f398.jpg,male,caucasian,,
79,male/caucasian/142.jpg,data/legacy_snapshot/original_images/male/caucasian/142.jpg,d3da99c4145786126017fa5f93eafdadb74d0a22030bbdd63b82eae9fb185c04.jpg,male,caucasian,,
80,male/caucasian/143.jpg,data/legacy_snapshot/original_images/male/caucasian/143.jpg,f2ef348c8a74e37d141ada604251092b463aee9919de3990373a2dd32c898660.jpg,male,caucasian,,
81,male/caucasian/g_11.jpg,data/legacy_snapshot/original_images/male/caucasian/g_11.jpg,a18960894131f8bd6c93255ebf0d116717629f25657dcec1aa8cffad251b9f83.jpg,male,caucasian,,
82,male/caucasian/g_3.jpg,data/legacy_snapshot/original_images/male/caucasian/g_3.jpg,2c3a9ff8ea500cd2d83b1167d714bbcb75979076ef378c5d01a8a95622e1959d.jpg,male,caucasian,,
83,male/caucasian/g_8.jpg,data/legacy_snapshot/original_images/male/caucasian/g_8.jpg,3cfabb7fafeb03849a1fdae7764578a0486da53880699409a9e5244993e45672.jpg,male,caucasian,,
84,male/caucasian/guy9.jpg,data/legacy_snapshot/original_images/male/caucasian/guy9.jpg,5d9accdda8e9313a4099ea97a3f90bf8483bd99b5bdda8f4cb971e8dc1de759a.jpg,male,caucasian,,
85,male/hispanic/112.jpg,data/legacy_snapshot/original_images/male/hispanic/112.jpg,5a5dc33b1fba7e32903299b4fbcbdfe15adc37220b136f4338b51b8b6745bb5a.jpg,male,hispanic,,
86,male/hispanic/121.jpg,data/legacy_snapshot/original_images/male/hispanic/121.jpg,b5d044b75ba190c49440282deeb507625e7a037115843a09679a1af05dbef9b0.jpg,male,hispanic,,
87,male/hispanic/132.jpg,data/legacy_snapshot/original_images/male/hispanic/132.jpg,b428048dd8e9ca6fb78dcd1697414ff24ae59514b8045835a95104a1c5a5e2f8.jpg,male,hispanic,,
88,male/hispanic/g_1.jpg,data/legacy_snapshot/original_images/male/hispanic/g_1.jpg,fa8627ed47970ac8124c41b27b732b346b0b1cca2f1f490c3091e052246ae4aa.jpg,male,hispanic,,
89,male/hispanic/g_4.jpg,data/legacy_snapshot/original_images/male/hispanic/g_4.jpg,a83078682bfc777133c43d9aaccd86a87098f506b064c6947aa09a2ef7bc39a6.jpg,male,hispanic,,
90,male/hispanic/g_5.jpg,data/legacy_snapshot/original_images/male/hispanic/g_5.jpg,59b212eae72f43d3a625bcb386d0f02e3513a349231cd3fd42b4fdb6a4a78c73.jpg,male,hispanic,,
91,male/hispanic/guy8.jpg,data/legacy_snapshot/original_images/male/hispanic/guy8.jpg,d521c3015be7bb3d0f5a1bb8740671bba0a3988495c661ac65cfc19349d749fa.jpg,male,hispanic,,
92,male/indian/10.jpg,data/legacy_snapshot/original_images/male/indian/10.jpg,9a2645be4a30a28d28af43263ad60bac5c4b6fcd6c54ccdf3146f739b8f34a43.jpg,male,indian,,
93,male/indian/115.jpg,data/legacy_snapshot/original_images/male/indian/115.jpg,74f92a0b00469e9dae01950ec279ed7587207b12298c318549cdf6512314d29c.jpg,male,indian,,
94,male/indian/116.jpg,data/legacy_snapshot/original_images/male/indian/116.jpg,470f2cd238f2d56af2e156539fab26edae4c776eabf190a04c04c2b76491172a.jpg,male,indian,,
95,male/indian/128.jpg,data/legacy_snapshot/original_images/male/indian/128.jpg,bad96555971c48637982d1b10ed99f41b40e87b03533fb6c4e76bf18e64a3055.jpg,male,indian,,
96,male/indian/guy3.jpg,data/legacy_snapshot/original_images/male/indian/guy3.jpg,c81a8ce91c9a5e81e4fc7f5791697681b6f32f73d0a3dd65faa24a26bf891cdb.jpg,male,indian,,
97,male/indian/guy7.jpg,data/legacy_snapshot/original_images/male/indian/guy7.jpg,1305b4b3290d04a633fe0c92cfbf8f020200e8be46d5a3df1a6265912ae9ad55.jpg,male,indian,,
98,male/indian/puvvukonvict-photography-AtpSEe3.jpg,data/legacy_snapshot/original_images/male/indian/puvvukonvict-photography-AtpSEe3.jpg,1f761015f6425ebbc099fd1b735662dad710e571f1986c5e909cec46471db61f.jpg,male,indian,,
99,male/mideastern/118.jpg,data/legacy_snapshot/original_images/male/mideastern/118.jpg,450d6dc178344cc4cd0ecc3950876a70c4855cc60a23578dac68a27c09f56f7d.jpg,male,mideastern,,
100,male/mideastern/123.jpg,data/legacy_snapshot/original_images/male/mideastern/123.jpg,4b05b4a7d1f8aaca0cc81a709adc04d33a4e7fa4fb09c24e4353ae0441d7fd2b.jpg,male,mideastern,,
101,male/mideastern/129.jpg,data/legacy_snapshot/original_images/male/mideastern/129.jpg,fc281b39159efc11ec33aed9eb46ec4b5ffc751bd2a8dc9c013a69ef3f662a37.jpg,male,mideastern,,
